proc,dtype,group,size,Runtime (RDTSC) [s],Runtime unhalted [s],Clock [MHz],CPI,Energy [J],Power [W],Energy PP0 [J],Power PP0 [W],Energy DRAM [J],Power DRAM [W],Energy PLATFORM [J],Power PLATFORM [W],Memory read bandwidth [MBytes/s],Memory read data volume [GBytes],Memory write bandwidth [MBytes/s],Memory write data volume [GBytes],Memory bandwidth [MBytes/s],Memory data volume [GBytes],SP [MFLOP/s],AVX512 SP [MFLOP/s],DP [MFLOP/s],AVX512 DP [MFLOP/s]
GNR,BF16,CUSTOM_BF16,1024,0.0741,0.0752,3245.3285063953485,3.4551267441860465,47.589,642.2198000000001,0.0,0.0,6.609500000000001,89.1967,0.0081,0.1087,2368.5429,0.1755,2078.6567,0.15400000000000003,4447.1997,0.3296,,,,
GNR,BF16,CUSTOM_BF16,256,0.0002,0.0224,3228.583504069768,6.388087790697674,87.94380000000001,448523.1371,0.0,0.0,11.6753,59545.2635,0.0148,75.3313,1390482.0425,0.2727,1315009.1496,0.25780000000000003,2705491.0,0.5305,,,,
GNR,BF16,CUSTOM_BF16,7000,11.7135,15.479,3004.5117517441863,1.2822505813953489,6992.814200000001,596.9873,0.0,0.0,243.4246,20.7815,0.6177,0.0527,1370.7776999999999,16.0566,756.9818,8.866900000000001,2127.7594,24.9235,,,,
GNR,FP32,CUSTOM,1024,0.2727,0.373,2725.8731622093023,1.932570930232558,223.6376,820.2109,0.0,0.0,19.1491,70.2311,0.0296,0.1086,2676.8575,0.7298,2190.2333,0.5972,4867.0908,1.3271,296356.9717,264808.51920000004,11.509,11.474100000000002
GNR,FP32,CUSTOM,12288,375.3232,490.2721,3151.5367354651166,3.5896947674418604,241069.4684,642.2982999999999,0.0,0.0,7592.682000000001,20.2297,19.9906,0.0533,5327.8853,1999.679,987.4712,370.6209,6315.3566,2370.2999,317885.1107,278330.4402,1.203,1.2029
GNR,FP32,CUSTOM,2048,1.4629,1.8113,2599.0201354651163,1.955117441860465,753.1944,514.8667,0.0,0.0,38.2393,26.139499999999998,0.0748,0.0512,1300.0807,1.9018000000000002,986.693,1.4434,2286.7736,3.3453,393899.1547,346881.2707,8.6105,8.592600000000001
GNR,FP32,CUSTOM,256,0.3205,0.1115,2295.6462174418602,2.9686883720930233,139.8048,436.2439,0.0,0.0,16.8161,52.4726,0.0228,0.0712,1585.9425999999999,0.5082,1399.0762,0.4483,2985.0188,0.9566000000000001,7357.3469000000005,6935.2638,0.6197,0.5848
GNR,FP32,CUSTOM,4000,0.0004,0.0013,3722.5466854651163,10.74880988372093,127.4482,345447.169,0.0,0.0,18.6713,50608.388399999996,0.0234,63.5271,1043626.8955999999,0.3851,1020782.8003,0.3766,2064409.9107,0.7616,0.0,0.0,24.2651,0.0
GNR,FP32,CUSTOM,4096,11.6761,15.3294,2904.294303488372,2.6283412790697676,6253.921,535.6179999999999,0.0,0.0,235.6922,20.1859,0.543,0.0465,960.284,11.212299999999999,666.1976,7.7785,1626.4814999999999,18.991,378665.83129999996,331559.0153,4.3049,4.3038
GNR,FP32,CUSTOM,512,0.0149,0.1578,2778.5680941860464,2.410733720930233,134.3685,9041.609400000001,0.0,0.0,14.884,1001.5435,0.0208,1.3964,30740.0081,0.4569,26904.4023,0.39980000000000004,57644.4103,0.8567,774829.0934,702467.6957,54.147299999999994,52.769600000000004
GNR,FP32,CUSTOM,6144,35.1722,51.8123,3142.395672093023,2.872213953488372,22365.1116,635.8746,0.0,0.0,709.497,20.1721,1.8553,0.0527,1815.9089,63.8695,638.7965,22.4679,2454.7054,86.3374,430046.4653,377276.8128,3.2126,3.2110000000000003
GNR,FP32,CUSTOM,7000,357.4143,551.7,3146.245975,2.7050343023255814,226330.8287,633.245,0.0,0.0,6966.523300000001,19.4914,19.1674,0.0536,2162.5874999999996,772.9398,542.6329000000001,193.9447,2705.2203,966.8845,497527.0733,437941.7324,0.41229999999999994,0.4119
GNR,FP32,CUSTOM,8192,99.0607,131.2983,3144.0998889534885,3.1496319767441863,62808.70879999999,634.0426,0.0,0.0,1987.353,20.062,5.2098,0.0526,2970.477,294.2576,643.9253,63.7877,3614.4024,358.0453,356908.9301,312500.7007,2.0266,2.0259
GNR,FP64,CUSTOM,1024,0.3708,0.4438,3180.969670348837,1.2880348837209303,268.5928,724.2816,0.0,0.0,24.983,67.3686,0.035,0.0945,2611.9188,0.9685999999999999,1978.3324000000002,0.7336,4590.2510999999995,1.7023000000000001,0.0,0.0,163405.696,122671.4887
GNR,FP64,CUSTOM,12288,490.9698,594.6014,3125.6632796511626,2.900675,303574.3631,618.3158,0.0,0.0,10545.808,21.4795,25.4869,0.0519,9142.332,4488.6087,2747.6072,1348.9921,11889.9391,5837.6008,8.14714e-09,0.0,242991.9409,208227.1771
GNR,FP64,CUSTOM,2048,1.2368,1.4184,2697.259851744186,1.8385505813953489,562.9284,455.1501,0.0,0.0,34.1021,27.5729,0.059,0.0477,1837.5199,2.2727,1227.0349,1.5176,3064.5546999999997,3.7902,0.0,0.0,223617.08610000001,192769.7278
GNR,FP64,CUSTOM,256,0.1686,0.2124,3203.321015116279,1.834336046511628,174.23239999999998,1033.492,0.0,0.0,19.255699999999997,114.2187,0.0266,0.1575,3485.6871,0.5877,2993.42,0.5046999999999999,6479.1071,1.0922,0.0,0.0,91695.8289,52364.319
GNR,FP64,CUSTOM,4000,3.2237e-05,0.0016,455.48717093023254,2.350107558139535,76.193,2363523.9897,0.0,0.0,11.456399999999999,355380.7736,0.0148,458.1849,7060387.0,0.22760000000000002,6944622.0,0.22390000000000002,14005009.0,0.4515,0.0,0.0,0.093,0.0
GNR,FP64,CUSTOM,4096,14.2096,18.6916,3094.3293575581397,2.243363372093023,8600.5353,605.2634,0.0,0.0,295.2554,20.7786,0.7357,0.0518,2699.9566,38.3652,837.1432,11.895399999999999,3537.0998,50.2607,0.0,0.0,311136.7659,263965.2365
GNR,FP64,CUSTOM,512,0.0962,0.2176,2955.1158441860466,1.7006668604651163,175.846,1827.6423,0.0,0.0,18.0776,187.8887,0.0249,0.2588,6303.4137,0.6065,5207.949699999999,0.5011,11511.3633,1.1076000000000001,0.0,0.0,105151.9717,34098.2762
GNR,FP64,CUSTOM,6144,55.5376,76.175,3122.8012546511627,2.7158947674418603,33723.3593,607.2164,0.0,0.0,1154.2236,20.7827,2.849,0.0513,6286.3952,349.1314,938.0826,52.0988,7224.477800000001,401.23040000000003,0.0,0.0,268591.1649,228298.6276
GNR,FP64,CUSTOM,7000,489.9122,745.268,3123.25019127907,2.400063953488372,316770.3056,646.5859,0.0,0.0,10288.1332,20.9999,26.9652,0.055,7724.3266,3784.2419,813.8776,398.72860000000003,8538.2041,4182.9704,7.119642814e-06,0.0,358284.2034,308063.2062
GNR,FP64,CUSTOM,8192,148.8906,174.8875,3124.12065,2.884788953488372,89489.7067,601.0433,0.0,0.0,3108.7886,20.8796,7.5588,0.0508,7171.1429,1067.7159000000001,1491.6095,222.08659999999998,8662.7524,1289.8025,6.71634e-09,0.0,237450.7329,202654.6357
