proc,dtype,size,arch,cpu_name,l1d_bytes,l2_bytes,l3_bytes,Energy_J,Power_W,Memory_bandwidth_MBytes/s,Memory_data_volume_GBytes,Memory_read_bandwidth_MBytes/s,Memory_write_bandwidth_MBytes/s,Runtime_RDTSC_s,gemm_best_gflops,gemm_best_level,SP_MFLOP/s,DP_MFLOP/s
GNR,BF16,256,GNR,Intel(R) Xeon(R) 6787P,48770,2097152,352321536,87.94380000000001,448523.1371,2705491.0,0.5305,1390482.0425,1315009.1496,0.0002,,,,
GNR,BF16,1024,GNR,Intel(R) Xeon(R) 6787P,48770,2097152,352321536,47.589,642.2198000000001,4447.1997,0.3296,2368.5429,2078.6567,0.0741,,,,
GNR,BF16,7000,GNR,Intel(R) Xeon(R) 6787P,48770,2097152,352321536,6992.814200000001,596.9873,2127.7594,24.9235,1370.7776999999999,756.9818,11.7135,2065.061554,BF16 vdpbf16ps outer,,
GNR,FP32,256,GNR,Intel(R) Xeon(R) 6787P,48770,2097152,352321536,139.8048,436.2439,2985.0188,0.9566000000000001,1585.9425999999999,1399.0762,0.3205,,,7357.3469000000005,0.6197
GNR,FP32,512,GNR,Intel(R) Xeon(R) 6787P,48770,2097152,352321536,134.3685,9041.609400000001,57644.4103,0.8567,30740.0081,26904.4023,0.0149,,,774829.0934,54.147299999999994
GNR,FP32,1024,GNR,Intel(R) Xeon(R) 6787P,48770,2097152,352321536,223.6376,820.2109,4867.0908,1.3271,2676.8575,2190.2333,0.2727,,,296356.9717,11.509
GNR,FP32,2048,GNR,Intel(R) Xeon(R) 6787P,48770,2097152,352321536,753.1944,514.8667,2286.7736,3.3453,1300.0807,986.693,1.4629,,,393899.1547,8.6105
GNR,FP32,4000,GNR,Intel(R) Xeon(R) 6787P,48770,2097152,352321536,127.4482,345447.169,2064409.9107,0.7616,1043626.8955999999,1020782.8003,0.0004,,,0.0,24.2651
GNR,FP32,4096,GNR,Intel(R) Xeon(R) 6787P,48770,2097152,352321536,6253.921,535.6179999999999,1626.4814999999999,18.991,960.284,666.1976,11.6761,,,378665.83129999996,4.3049
GNR,FP32,6144,GNR,Intel(R) Xeon(R) 6787P,48770,2097152,352321536,22365.1116,635.8746,2454.7054,86.3374,1815.9089,638.7965,35.1722,,,430046.4653,3.2126
GNR,FP32,7000,GNR,Intel(R) Xeon(R) 6787P,48770,2097152,352321536,226330.8287,633.245,2705.2203,966.8845,2162.5874999999996,542.6329000000001,357.4143,,,497527.0733,0.41229999999999994
GNR,FP32,8192,GNR,Intel(R) Xeon(R) 6787P,48770,2097152,352321536,62808.70879999999,634.0426,3614.4024,358.0453,2970.477,643.9253,99.0607,,,356908.9301,2.0266
GNR,FP32,12288,GNR,Intel(R) Xeon(R) 6787P,48770,2097152,352321536,241069.4684,642.2982999999999,6315.3566,2370.2999,5327.8853,987.4712,375.3232,,,317885.1107,1.203
GNR,FP64,256,GNR,Intel(R) Xeon(R) 6787P,48770,2097152,352321536,174.23239999999998,1033.492,6479.1071,1.0922,3485.6871,2993.42,0.1686,,,0.0,91695.8289
GNR,FP64,512,GNR,Intel(R) Xeon(R) 6787P,48770,2097152,352321536,175.846,1827.6423,11511.3633,1.1076000000000001,6303.4137,5207.949699999999,0.0962,,,0.0,105151.9717
GNR,FP64,1024,GNR,Intel(R) Xeon(R) 6787P,48770,2097152,352321536,268.5928,724.2816,4590.2510999999995,1.7023000000000001,2611.9188,1978.3324000000002,0.3708,,,0.0,163405.696
GNR,FP64,2048,GNR,Intel(R) Xeon(R) 6787P,48770,2097152,352321536,562.9284,455.1501,3064.5546999999997,3.7902,1837.5199,1227.0349,1.2368,,,0.0,223617.08610000001
GNR,FP64,4000,GNR,Intel(R) Xeon(R) 6787P,48770,2097152,352321536,76.193,2363523.9897,14005009.0,0.4515,7060387.0,6944622.0,3.2237e-05,,,0.0,0.093
GNR,FP64,4096,GNR,Intel(R) Xeon(R) 6787P,48770,2097152,352321536,8600.5353,605.2634,3537.0998,50.2607,2699.9566,837.1432,14.2096,,,0.0,311136.7659
GNR,FP64,6144,GNR,Intel(R) Xeon(R) 6787P,48770,2097152,352321536,33723.3593,607.2164,7224.477800000001,401.23040000000003,6286.3952,938.0826,55.5376,,,0.0,268591.1649
GNR,FP64,7000,GNR,Intel(R) Xeon(R) 6787P,48770,2097152,352321536,316770.3056,646.5859,8538.2041,4182.9704,7724.3266,813.8776,489.9122,,,7.119642814e-06,358284.2034
GNR,FP64,8192,GNR,Intel(R) Xeon(R) 6787P,48770,2097152,352321536,89489.7067,601.0433,8662.7524,1289.8025,7171.1429,1491.6095,148.8906,,,6.71634e-09,237450.7329
GNR,FP64,12288,GNR,Intel(R) Xeon(R) 6787P,48770,2097152,352321536,303574.3631,618.3158,11889.9391,5837.6008,9142.332,2747.6072,490.9698,,,8.14714e-09,242991.9409
