proc,dtype,size,arch,cpu_name,l1d_bytes,l2_bytes,l3_bytes,Energy_J,Power_W,Memory_bandwidth_MBytes/s,Memory_data_volume_GBytes,Memory_read_bandwidth_MBytes/s,Memory_write_bandwidth_MBytes/s,Runtime_RDTSC_s,gemm_best_gflops,gemm_best_level,SP_MFLOP/s,DP_MFLOP/s,gemm_v0_gflops,gemm_v2_gflops
GNR,BF16,256,GNR,Intel(R) Xeon(R) 6787P,48770,2097152,352321536,87.94380000000001,448523.1371,2705491.0,0.5305,1390482.0425,1315009.1496,0.0002,,,,,,
GNR,BF16,1024,GNR,Intel(R) Xeon(R) 6787P,48770,2097152,352321536,47.589,642.2198000000001,4447.1997,0.3296,2368.5429,2078.6567,0.0741,,,,,,
GNR,BF16,7000,GNR,Intel(R) Xeon(R) 6787P,48770,2097152,352321536,6992.814200000001,596.9873,2127.7594,24.9235,1370.7777,756.9818,11.7135,2065.061554,BF16 vdpbf16ps outer,,,,
GNR,FP32,256,GNR,Intel(R) Xeon(R) 6787P,48770,2097152,352321536,139.8048,436.2439,2985.0188,0.9566,1585.9426,1399.0762,0.3205,,,7357.3469,0.6197,,
GNR,FP32,512,GNR,Intel(R) Xeon(R) 6787P,48770,2097152,352321536,134.3685,9041.6094,57644.4103,0.8567,30740.0081,26904.4023,0.0149,,,774829.0934,54.1473,,
GNR,FP32,1024,GNR,Intel(R) Xeon(R) 6787P,48770,2097152,352321536,223.6376,820.2109,4867.0908,1.3271,2676.8575,2190.2333,0.2727,,,296356.9717,11.509,,
GNR,FP32,2048,GNR,Intel(R) Xeon(R) 6787P,48770,2097152,352321536,753.1944,514.8667,2286.7736,3.3453,1300.0807,986.693,1.4629,,,393899.1547,8.6105,,
GNR,FP32,4000,GNR,Intel(R) Xeon(R) 6787P,48770,2097152,352321536,127.4482,345447.169,2064409.9107,0.7616,1043626.8956,1020782.8003,0.0004,,,0.0,24.2651,,
GNR,FP32,4096,GNR,Intel(R) Xeon(R) 6787P,48770,2097152,352321536,6253.921,535.6179999999999,1626.4815,18.991,960.284,666.1976,11.6761,,,378665.8313,4.3049,,
GNR,FP32,6144,GNR,Intel(R) Xeon(R) 6787P,48770,2097152,352321536,22365.1116,635.8746,2454.7054,86.3374,1815.9089,638.7965,35.1722,,,430046.4653,3.2126,,
GNR,FP32,7000,GNR,Intel(R) Xeon(R) 6787P,48770,2097152,352321536,226330.8287,633.245,2705.2203,966.8845,2162.5875,542.6329000000001,357.4143,,,497527.0733,0.4122999999999999,,
GNR,FP32,8192,GNR,Intel(R) Xeon(R) 6787P,48770,2097152,352321536,62808.70879999999,634.0426,3614.4024,358.0453,2970.477,643.9253,99.0607,,,356908.9301,2.0266,,
GNR,FP32,12288,GNR,Intel(R) Xeon(R) 6787P,48770,2097152,352321536,241069.4684,642.2982999999999,6315.3566,2370.2999,5327.8853,987.4712,375.3232,,,317885.1107,1.203,,
GNR,FP64,256,GNR,Intel(R) Xeon(R) 6787P,48770,2097152,352321536,174.23239999999998,1033.492,6479.1071,1.0922,3485.6871,2993.42,0.1686,,,0.0,91695.8289,,
GNR,FP64,512,GNR,Intel(R) Xeon(R) 6787P,48770,2097152,352321536,175.846,1827.6423,11511.3633,1.1076,6303.4137,5207.949699999999,0.0962,,,0.0,105151.9717,,
GNR,FP64,1024,GNR,Intel(R) Xeon(R) 6787P,48770,2097152,352321536,268.5928,724.2816,4590.2511,1.7023,2611.9188,1978.3324,0.3708,,,0.0,163405.696,,
GNR,FP64,2048,GNR,Intel(R) Xeon(R) 6787P,48770,2097152,352321536,562.9284,455.1501,3064.5547,3.7902,1837.5199,1227.0349,1.2368,,,0.0,223617.0861,,
GNR,FP64,4000,GNR,Intel(R) Xeon(R) 6787P,48770,2097152,352321536,76.193,2363523.9897,14005009.0,0.4515,7060387.0,6944622.0,3.2237e-05,,,0.0,0.093,,
GNR,FP64,4096,GNR,Intel(R) Xeon(R) 6787P,48770,2097152,352321536,8600.5353,605.2634,3537.0998,50.2607,2699.9566,837.1432,14.2096,,,0.0,311136.7659,,
GNR,FP64,6144,GNR,Intel(R) Xeon(R) 6787P,48770,2097152,352321536,33723.3593,607.2164,7224.477800000001,401.2304,6286.3952,938.0826,55.5376,,,0.0,268591.1649,,
GNR,FP64,7000,GNR,Intel(R) Xeon(R) 6787P,48770,2097152,352321536,316770.3056,646.5859,8538.2041,4182.9704,7724.3266,813.8776,489.9122,,,7.119642814e-06,358284.2034,,
GNR,FP64,8192,GNR,Intel(R) Xeon(R) 6787P,48770,2097152,352321536,89489.7067,601.0433,8662.7524,1289.8025,7171.1429,1491.6095,148.8906,,,6.71634e-09,237450.7329,,
GNR,FP64,12288,GNR,Intel(R) Xeon(R) 6787P,48770,2097152,352321536,303574.3631,618.3158,11889.9391,5837.6008,9142.332,2747.6072,490.9698,,,8.14714e-09,242991.9409,,
ICX,FP32,100,ICX,Intel(R) Xeon(R) Platinum 8360Y CPU @ 2.40GHz,43690,1310720,56623104,,,,,,,,112.501336,MKL (cblas_sgemm),,,51.685107,58.128382
ICX,FP32,120,ICX,Intel(R) Xeon(R) Platinum 8360Y CPU @ 2.40GHz,43690,1310720,56623104,,,,,,,,207.530175,MKL (cblas_sgemm),,,1.405702,96.525348
ICX,FP32,144,ICX,Intel(R) Xeon(R) Platinum 8360Y CPU @ 2.40GHz,43690,1310720,56623104,,,,,,,,353.565453,MKL (cblas_sgemm),,,97.432904,41.108315
ICX,FP32,172,ICX,Intel(R) Xeon(R) Platinum 8360Y CPU @ 2.40GHz,43690,1310720,56623104,,,,,,,,517.135341,MKL (cblas_sgemm),,,3.557622,177.620279
ICX,FP32,207,ICX,Intel(R) Xeon(R) Platinum 8360Y CPU @ 2.40GHz,43690,1310720,56623104,,,,,,,,937.872648,MKL (cblas_sgemm),,,6.258278,229.027114
ICX,FP32,248,ICX,Intel(R) Xeon(R) Platinum 8360Y CPU @ 2.40GHz,43690,1310720,56623104,,,,,,,,1351.444832,MKL (cblas_sgemm),,,10.315271,289.460798
ICX,FP32,298,ICX,Intel(R) Xeon(R) Platinum 8360Y CPU @ 2.40GHz,43690,1310720,56623104,,,,,,,,1953.003793,MKL (cblas_sgemm),,,18.063862,277.95229
ICX,FP32,358,ICX,Intel(R) Xeon(R) Platinum 8360Y CPU @ 2.40GHz,43690,1310720,56623104,,,,,,,,2707.083076,MKL (cblas_sgemm),,,30.87324,336.314193
ICX,FP32,429,ICX,Intel(R) Xeon(R) Platinum 8360Y CPU @ 2.40GHz,43690,1310720,56623104,,,,,,,,3393.457193,MKL (cblas_sgemm),,,46.580173,406.509114
ICX,FP32,515,ICX,Intel(R) Xeon(R) Platinum 8360Y CPU @ 2.40GHz,43690,1310720,56623104,,,,,,,,3755.424903,MKL (cblas_sgemm),,,65.376764,472.975188
ICX,FP32,619,ICX,Intel(R) Xeon(R) Platinum 8360Y CPU @ 2.40GHz,43690,1310720,56623104,,,,,,,,4147.226922,MKL (cblas_sgemm),,,76.116515,457.1068
ICX,FP32,743,ICX,Intel(R) Xeon(R) Platinum 8360Y CPU @ 2.40GHz,43690,1310720,56623104,,,,,,,,6128.198938,MKL (cblas_sgemm),,,89.570356,521.606133
ICX,FP32,891,ICX,Intel(R) Xeon(R) Platinum 8360Y CPU @ 2.40GHz,43690,1310720,56623104,,,,,,,,7126.677985,MKL (cblas_sgemm),,,100.000726,547.668473
ICX,FP32,1069,ICX,Intel(R) Xeon(R) Platinum 8360Y CPU @ 2.40GHz,43690,1310720,56623104,,,,,,,,5450.795613,MKL (cblas_sgemm),,,107.848771,600.526817
ICX,FP32,1283,ICX,Intel(R) Xeon(R) Platinum 8360Y CPU @ 2.40GHz,43690,1310720,56623104,,,,,,,,5118.011525,MKL (cblas_sgemm),,,110.339603,602.773529
ICX,FP32,1540,ICX,Intel(R) Xeon(R) Platinum 8360Y CPU @ 2.40GHz,43690,1310720,56623104,,,,,,,,6015.433446,MKL (cblas_sgemm),,,108.146879,664.865283
ICX,FP32,1848,ICX,Intel(R) Xeon(R) Platinum 8360Y CPU @ 2.40GHz,43690,1310720,56623104,,,,,,,,6803.608761,MKL (cblas_sgemm),,,105.35338,704.963233
ICX,FP32,2218,ICX,Intel(R) Xeon(R) Platinum 8360Y CPU @ 2.40GHz,43690,1310720,56623104,,,,,,,,6987.612891,MKL (cblas_sgemm),,,59.403775,745.353787
ICX,FP32,2662,ICX,Intel(R) Xeon(R) Platinum 8360Y CPU @ 2.40GHz,43690,1310720,56623104,,,,,,,,7227.554178,MKL (cblas_sgemm),,,37.14824,746.944598
ICX,FP32,3194,ICX,Intel(R) Xeon(R) Platinum 8360Y CPU @ 2.40GHz,43690,1310720,56623104,,,,,,,,7408.534155,MKL (cblas_sgemm),,,32.312185,801.718236
ICX,FP32,3833,ICX,Intel(R) Xeon(R) Platinum 8360Y CPU @ 2.40GHz,43690,1310720,56623104,,,,,,,,7250.894349,MKL (cblas_sgemm),,,29.371787,765.071099
ICX,FP32,4600,ICX,Intel(R) Xeon(R) Platinum 8360Y CPU @ 2.40GHz,43690,1310720,56623104,,,,,,,,7672.926272,MKL (cblas_sgemm),,,26.981646,875.947092
ICX,FP32,5520,ICX,Intel(R) Xeon(R) Platinum 8360Y CPU @ 2.40GHz,43690,1310720,56623104,,,,,,,,7252.184584,MKL (cblas_sgemm),,,24.326772,859.018227
ICX,FP32,6624,ICX,Intel(R) Xeon(R) Platinum 8360Y CPU @ 2.40GHz,43690,1310720,56623104,,,,,,,,8098.381124,MKL (cblas_sgemm),,,22.311743,933.349568
ICX,FP32,7949,ICX,Intel(R) Xeon(R) Platinum 8360Y CPU @ 2.40GHz,43690,1310720,56623104,,,,,,,,5776.329227,MKL (cblas_sgemm),,,22.423643,854.367982
ICX,FP32,8000,ICX,Intel(R) Xeon(R) Platinum 8360Y CPU @ 2.40GHz,43690,1310720,56623104,1888006.6515,481.6583,4207.8363,16493.8984,2987.4024,1220.4339,3919.8051,,,152183.5734,0.1584,,
ICX,FP64,100,ICX,Intel(R) Xeon(R) Platinum 8360Y CPU @ 2.40GHz,43690,1310720,56623104,,,,,,,,111.821592,MKL (cblas_dgemm),,,67.461134,87.058721
ICX,FP64,120,ICX,Intel(R) Xeon(R) Platinum 8360Y CPU @ 2.40GHz,43690,1310720,56623104,,,,,,,,203.413773,MKL (cblas_dgemm),,,1.595088,130.342791
ICX,FP64,144,ICX,Intel(R) Xeon(R) Platinum 8360Y CPU @ 2.40GHz,43690,1310720,56623104,,,,,,,,338.956222,MKL (cblas_dgemm),,,111.456961,44.898144
ICX,FP64,172,ICX,Intel(R) Xeon(R) Platinum 8360Y CPU @ 2.40GHz,43690,1310720,56623104,,,,,,,,508.816815,MKL (cblas_dgemm),,,3.636303,238.45766
ICX,FP64,207,ICX,Intel(R) Xeon(R) Platinum 8360Y CPU @ 2.40GHz,43690,1310720,56623104,,,,,,,,752.038533,MKL (cblas_dgemm),,,4.840423,328.507581
ICX,FP64,248,ICX,Intel(R) Xeon(R) Platinum 8360Y CPU @ 2.40GHz,43690,1310720,56623104,,,,,,,,1103.844145,MKL (cblas_dgemm),,,11.156686,425.235306
ICX,FP64,298,ICX,Intel(R) Xeon(R) Platinum 8360Y CPU @ 2.40GHz,43690,1310720,56623104,,,,,,,,1330.693583,MKL (cblas_dgemm),,,101.511367,295.473505
ICX,FP64,358,ICX,Intel(R) Xeon(R) Platinum 8360Y CPU @ 2.40GHz,43690,1310720,56623104,,,,,,,,1851.880339,MKL (cblas_dgemm),,,30.425431,326.894589
ICX,FP64,429,ICX,Intel(R) Xeon(R) Platinum 8360Y CPU @ 2.40GHz,43690,1310720,56623104,,,,,,,,2555.898825,MKL (cblas_dgemm),,,40.242532,355.875846
ICX,FP64,515,ICX,Intel(R) Xeon(R) Platinum 8360Y CPU @ 2.40GHz,43690,1310720,56623104,,,,,,,,2271.191164,MKL (cblas_dgemm),,,64.229194,372.154571
ICX,FP64,619,ICX,Intel(R) Xeon(R) Platinum 8360Y CPU @ 2.40GHz,43690,1310720,56623104,,,,,,,,2274.201089,MKL (cblas_dgemm),,,81.341244,346.068697
ICX,FP64,743,ICX,Intel(R) Xeon(R) Platinum 8360Y CPU @ 2.40GHz,43690,1310720,56623104,,,,,,,,2753.112105,MKL (cblas_dgemm),,,92.006703,397.695069
ICX,FP64,891,ICX,Intel(R) Xeon(R) Platinum 8360Y CPU @ 2.40GHz,43690,1310720,56623104,,,,,,,,1724.394281,MKL (cblas_dgemm),,,99.999853,376.248324
ICX,FP64,1069,ICX,Intel(R) Xeon(R) Platinum 8360Y CPU @ 2.40GHz,43690,1310720,56623104,,,,,,,,2227.180023,MKL (cblas_dgemm),,,106.899244,420.781934
ICX,FP64,1283,ICX,Intel(R) Xeon(R) Platinum 8360Y CPU @ 2.40GHz,43690,1310720,56623104,,,,,,,,2811.575445,MKL (cblas_dgemm),,,106.748037,403.672956
ICX,FP64,1540,ICX,Intel(R) Xeon(R) Platinum 8360Y CPU @ 2.40GHz,43690,1310720,56623104,,,,,,,,3196.037247,MKL (cblas_dgemm),,,98.652719,408.363362
ICX,FP64,1848,ICX,Intel(R) Xeon(R) Platinum 8360Y CPU @ 2.40GHz,43690,1310720,56623104,,,,,,,,3502.088675,MKL (cblas_dgemm),,,87.133514,405.411622
ICX,FP64,2218,ICX,Intel(R) Xeon(R) Platinum 8360Y CPU @ 2.40GHz,43690,1310720,56623104,,,,,,,,3460.990216,MKL (cblas_dgemm),,,53.22652,444.391244
ICX,FP64,2662,ICX,Intel(R) Xeon(R) Platinum 8360Y CPU @ 2.40GHz,43690,1310720,56623104,,,,,,,,3342.519713,MKL (cblas_dgemm),,,33.020714,449.31984
ICX,FP64,3194,ICX,Intel(R) Xeon(R) Platinum 8360Y CPU @ 2.40GHz,43690,1310720,56623104,,,,,,,,3536.90242,MKL (cblas_dgemm),,,26.697662,441.200616
ICX,FP64,3833,ICX,Intel(R) Xeon(R) Platinum 8360Y CPU @ 2.40GHz,43690,1310720,56623104,,,,,,,,2732.681123,MKL (cblas_dgemm),,,23.193794,432.477579
ICX,FP64,4600,ICX,Intel(R) Xeon(R) Platinum 8360Y CPU @ 2.40GHz,43690,1310720,56623104,,,,,,,,3061.732169,MKL (cblas_dgemm),,,21.607016,449.894996
ICX,FP64,5520,ICX,Intel(R) Xeon(R) Platinum 8360Y CPU @ 2.40GHz,43690,1310720,56623104,,,,,,,,3280.067195,MKL (cblas_dgemm),,,19.84271,435.503947
ICX,FP64,6624,ICX,Intel(R) Xeon(R) Platinum 8360Y CPU @ 2.40GHz,43690,1310720,56623104,,,,,,,,2918.222927,MKL (cblas_dgemm),,,15.939353,454.098217
ICX,FP64,7949,ICX,Intel(R) Xeon(R) Platinum 8360Y CPU @ 2.40GHz,43690,1310720,56623104,,,,,,,,3378.330022,MKL (cblas_dgemm),,,19.478714,460.814236
ICX,FP64,8000,ICX,Intel(R) Xeon(R) Platinum 8360Y CPU @ 2.40GHz,43690,1310720,56623104,2709953.0,490.5012,16234.6041,89694.0257,12844.4565,3390.1475,5524.8668,,,1.0588490050000001e-07,107817.2666,,
SPR,BF16,8000,SPR,Intel(R) Xeon(R) Platinum 8470,40329,2097152,110100480,19.6147,372387.1071,287694.4164,0.0151999999999999,147353.217,140341.19939999998,0.0001,,,,,,
SPR,FP32,2048,SPR,Intel(R) Xeon(R) Platinum 8470,40329,2097152,110100480,,,,,,,,10160.300072,MKL (cblas_sgemm),,,33.501924,967.483377
SPR,FP32,2457,SPR,Intel(R) Xeon(R) Platinum 8470,40329,2097152,110100480,,,,,,,,10115.984729,MKL (cblas_sgemm),,,75.90164,984.751381
SPR,FP32,2949,SPR,Intel(R) Xeon(R) Platinum 8470,40329,2097152,110100480,,,,,,,,10050.286099,MKL (cblas_sgemm),,,54.593504,1008.333647
SPR,FP32,3538,SPR,Intel(R) Xeon(R) Platinum 8470,40329,2097152,110100480,,,,,,,,11576.904546,MKL (cblas_sgemm),,,49.681596,1102.388755
SPR,FP32,4246,SPR,Intel(R) Xeon(R) Platinum 8470,40329,2097152,110100480,,,,,,,,10206.626759,MKL (cblas_sgemm),,,47.328277,1140.893491
SPR,FP32,5096,SPR,Intel(R) Xeon(R) Platinum 8470,40329,2097152,110100480,,,,,,,,10316.882395,MKL (cblas_sgemm),,,43.393837,1205.602326
SPR,FP32,6115,SPR,Intel(R) Xeon(R) Platinum 8470,40329,2097152,110100480,,,,,,,,10814.267149,MKL (cblas_sgemm),,,43.120734,1217.271242
SPR,FP32,7338,SPR,Intel(R) Xeon(R) Platinum 8470,40329,2097152,110100480,,,,,,,,11257.122545,MKL (cblas_sgemm),,,42.29881,1303.599492
SPR,FP32,8000,SPR,Intel(R) Xeon(R) Platinum 8470,40329,2097152,110100480,1176881.2977,694.4816000000001,38050.2209,64480.6097,30603.8179,7446.403,1694.6185,,,276026.4305,0.294,,
SPR,FP64,2048,SPR,Intel(R) Xeon(R) Platinum 8470,40329,2097152,110100480,,,,,,,,4955.435265,MKL (cblas_dgemm),,,31.893841,575.857667
SPR,FP64,2457,SPR,Intel(R) Xeon(R) Platinum 8470,40329,2097152,110100480,,,,,,,,5180.165542,MKL (cblas_dgemm),,,64.922427,619.99143
SPR,FP64,2949,SPR,Intel(R) Xeon(R) Platinum 8470,40329,2097152,110100480,,,,,,,,4531.879167,MKL (cblas_dgemm),,,48.887217,606.202224
SPR,FP64,3538,SPR,Intel(R) Xeon(R) Platinum 8470,40329,2097152,110100480,,,,,,,,4381.962436,MKL (cblas_dgemm),,,44.265516,621.122246
SPR,FP64,4246,SPR,Intel(R) Xeon(R) Platinum 8470,40329,2097152,110100480,,,,,,,,4673.084452,MKL (cblas_dgemm),,,40.164403,670.841071
SPR,FP64,5096,SPR,Intel(R) Xeon(R) Platinum 8470,40329,2097152,110100480,,,,,,,,2664.160142,MKL (cblas_dgemm),,,32.742589,599.638173
SPR,FP64,6115,SPR,Intel(R) Xeon(R) Platinum 8470,40329,2097152,110100480,,,,,,,,5032.441265,MKL (cblas_dgemm),,,40.924581,623.809191
SPR,FP64,7338,SPR,Intel(R) Xeon(R) Platinum 8470,40329,2097152,110100480,,,,,,,,2905.284352,MKL (cblas_dgemm),,,39.877665,629.82649
SPR,FP64,8000,SPR,Intel(R) Xeon(R) Platinum 8470,40329,2097152,110100480,1604812.1419000002,696.9096,44491.7353,102453.5808,35152.8949,9338.8404,2302.7553,,,1.91075414e-08,202313.7091,,
nvidia_grace_H100,FP32,100,nvidia_grace,nvidia_grace,58254,1048576,119537664,,,,,,,,168.947949,V1 ikj row locality,,,126.72238,103.032232
nvidia_grace_H100,FP32,120,nvidia_grace,nvidia_grace,58254,1048576,119537664,,,,,,,,297.163371,V1 ikj row locality,,,162.38821,150.619305
nvidia_grace_H100,FP32,144,nvidia_grace,nvidia_grace,58254,1048576,119537664,,,,,,,,426.89034,V1 ikj row locality,,,206.676828,181.863354
nvidia_grace_H100,FP32,172,nvidia_grace,nvidia_grace,58254,1048576,119537664,,,,,,,,486.823361,V1 ikj row locality,,,208.888096,292.436743
nvidia_grace_H100,FP32,207,nvidia_grace,nvidia_grace,58254,1048576,119537664,,,,,,,,783.722722,V1 ikj row locality,,,226.408537,392.129594
nvidia_grace_H100,FP32,248,nvidia_grace,nvidia_grace,58254,1048576,119537664,,,,,,,,956.587326,V1 ikj row locality,,,220.089517,479.753908
nvidia_grace_H100,FP32,298,nvidia_grace,nvidia_grace,58254,1048576,119537664,,,,,,,,977.921214,V1 ikj row locality,,,206.079416,441.3108
nvidia_grace_H100,FP32,358,nvidia_grace,nvidia_grace,58254,1048576,119537664,,,,,,,,1068.739839,V1 ikj row locality,,,228.915135,516.38532
nvidia_grace_H100,FP32,429,nvidia_grace,nvidia_grace,58254,1048576,119537664,,,,,,,,1074.301535,V1 ikj row locality,,,236.109055,633.528451
nvidia_grace_H100,FP32,515,nvidia_grace,nvidia_grace,58254,1048576,119537664,,,,,,,,983.515596,V1 ikj row locality,,,185.777141,736.835203
nvidia_grace_H100,FP32,619,nvidia_grace,nvidia_grace,58254,1048576,119537664,,,,,,,,1031.078464,V1 ikj row locality,,,207.628806,704.402655
nvidia_grace_H100,FP32,743,nvidia_grace,nvidia_grace,58254,1048576,119537664,,,,,,,,991.261253,V1 ikj row locality,,,199.684446,849.807117
nvidia_grace_H100,FP32,891,nvidia_grace,nvidia_grace,58254,1048576,119537664,,,,,,,,996.859728,V5 + 2D tile grid,,,187.388193,703.731868
nvidia_grace_H100,FP32,1069,nvidia_grace,nvidia_grace,58254,1048576,119537664,,,,,,,,1057.833862,V5 + 2D tile grid,,,179.445558,992.162826
nvidia_grace_H100,FP32,1283,nvidia_grace,nvidia_grace,58254,1048576,119537664,,,,,,,,1202.589389,V5 + 2D tile grid,,,172.232373,1000.661793
nvidia_grace_H100,FP32,1540,nvidia_grace,nvidia_grace,58254,1048576,119537664,,,,,,,,1194.988152,V5 + 2D tile grid,,,179.961225,1058.897757
nvidia_grace_H100,FP32,1848,nvidia_grace,nvidia_grace,58254,1048576,119537664,,,,,,,,1258.584437,V5 + 2D tile grid,,,155.360244,1118.704746
nvidia_grace_H100,FP32,2218,nvidia_grace,nvidia_grace,58254,1048576,119537664,,,,,,,,1233.809756,V5 + 2D tile grid,,,140.694414,1191.036
nvidia_grace_H100,FP32,2662,nvidia_grace,nvidia_grace,58254,1048576,119537664,,,,,,,,1320.779251,V5 + 2D tile grid,,,114.329195,1196.02071
nvidia_grace_H100,FP32,3194,nvidia_grace,nvidia_grace,58254,1048576,119537664,,,,,,,,1301.558692,V5 + 2D tile grid,,,88.336395,1220.533589
nvidia_grace_H100,FP32,3833,nvidia_grace,nvidia_grace,58254,1048576,119537664,,,,,,,,1350.265214,V5 + 2D tile grid,,,60.765342,1264.335465
nvidia_grace_H100,FP32,4600,nvidia_grace,nvidia_grace,58254,1048576,119537664,,,,,,,,1395.996578,V5 + 2D tile grid,,,45.964067,1355.369188
nvidia_grace_H100,FP32,5520,nvidia_grace,nvidia_grace,58254,1048576,119537664,,,,,,,,1382.436541,V5 + 2D tile grid,,,38.524622,1319.360376
nvidia_grace_H100,FP32,6624,nvidia_grace,nvidia_grace,58254,1048576,119537664,,,,,,,,1451.270005,V5 + 2D tile grid,,,21.49786,1436.883057
nvidia_grace_H100,FP32,7949,nvidia_grace,nvidia_grace,58254,1048576,119537664,,,,,,,,1376.186091,V5 + 2D tile grid,,,12.175452,1299.386746
nvidia_grace_H100,FP64,100,nvidia_grace,nvidia_grace,58254,1048576,119537664,,,,,,,,163.141016,V1 ikj row locality,,,127.203546,145.947043
nvidia_grace_H100,FP64,120,nvidia_grace,nvidia_grace,58254,1048576,119537664,,,,,,,,256.874642,V1 ikj row locality,,,162.241586,166.879388
nvidia_grace_H100,FP64,144,nvidia_grace,nvidia_grace,58254,1048576,119537664,,,,,,,,352.91566,V1 ikj row locality,,,203.129539,340.054466
nvidia_grace_H100,FP64,172,nvidia_grace,nvidia_grace,58254,1048576,119537664,,,,,,,,496.216106,V2 blocked micro-kernel,,,193.952899,496.216106
nvidia_grace_H100,FP64,207,nvidia_grace,nvidia_grace,58254,1048576,119537664,,,,,,,,715.140365,V2 blocked micro-kernel,,,233.310225,715.140365
nvidia_grace_H100,FP64,248,nvidia_grace,nvidia_grace,58254,1048576,119537664,,,,,,,,605.424416,V5 + 2D tile grid,,,203.866813,544.142422
nvidia_grace_H100,FP64,298,nvidia_grace,nvidia_grace,58254,1048576,119537664,,,,,,,,594.335535,V5 + 2D tile grid,,,184.252658,457.374019
nvidia_grace_H100,FP64,358,nvidia_grace,nvidia_grace,58254,1048576,119537664,,,,,,,,643.612586,V5 + 2D tile grid,,,192.744794,497.761618
nvidia_grace_H100,FP64,429,nvidia_grace,nvidia_grace,58254,1048576,119537664,,,,,,,,697.291337,V5 + 2D tile grid,,,163.860333,643.479547
nvidia_grace_H100,FP64,515,nvidia_grace,nvidia_grace,58254,1048576,119537664,,,,,,,,638.166271,V5 + 2D tile grid,,,135.04339,563.542065
nvidia_grace_H100,FP64,619,nvidia_grace,nvidia_grace,58254,1048576,119537664,,,,,,,,717.452294,V5 + 2D tile grid,,,143.755457,575.926825
nvidia_grace_H100,FP64,743,nvidia_grace,nvidia_grace,58254,1048576,119537664,,,,,,,,696.7921,V5 + 2D tile grid,,,142.911016,689.828947
nvidia_grace_H100,FP64,891,nvidia_grace,nvidia_grace,58254,1048576,119537664,,,,,,,,715.258733,V5 + 2D tile grid,,,142.978032,617.701031
nvidia_grace_H100,FP64,1069,nvidia_grace,nvidia_grace,58254,1048576,119537664,,,,,,,,732.77779,V5 + 2D tile grid,,,144.251072,724.004318
nvidia_grace_H100,FP64,1283,nvidia_grace,nvidia_grace,58254,1048576,119537664,,,,,,,,733.219268,V5 + 2D tile grid,,,127.785018,687.758212
nvidia_grace_H100,FP64,1540,nvidia_grace,nvidia_grace,58254,1048576,119537664,,,,,,,,711.821582,V5 + 2D tile grid,,,149.761527,696.47616
nvidia_grace_H100,FP64,1848,nvidia_grace,nvidia_grace,58254,1048576,119537664,,,,,,,,744.84793,V5 + 2D tile grid,,,140.31503,718.452517
nvidia_grace_H100,FP64,2218,nvidia_grace,nvidia_grace,58254,1048576,119537664,,,,,,,,742.267826,V3 + NUMA first-touch,,,118.05149,740.404768
nvidia_grace_H100,FP64,2662,nvidia_grace,nvidia_grace,58254,1048576,119537664,,,,,,,,730.952841,V5 + 2D tile grid,,,82.100342,705.52603
nvidia_grace_H100,FP64,3194,nvidia_grace,nvidia_grace,58254,1048576,119537664,,,,,,,,736.233212,V5 + 2D tile grid,,,41.684691,698.670392
nvidia_grace_H100,FP64,3833,nvidia_grace,nvidia_grace,58254,1048576,119537664,,,,,,,,742.228702,V5 + 2D tile grid,,,19.024603,696.113166
nvidia_grace_H100,FP64,4600,nvidia_grace,nvidia_grace,58254,1048576,119537664,,,,,,,,736.817388,V5 + 2D tile grid,,,13.029995,708.442896
nvidia_grace_H100,FP64,5520,nvidia_grace,nvidia_grace,58254,1048576,119537664,,,,,,,,739.548005,V5 + 2D tile grid,,,11.774275,702.145711
nvidia_grace_H100,FP64,6624,nvidia_grace,nvidia_grace,58254,1048576,119537664,,,,,,,,755.522775,V5 + 2D tile grid,,,10.705776,710.829831
