proc,dtype,size,arch,cpu_name,l1d_bytes,l2_bytes,l3_bytes,gemm_best_gflops,gemm_best_level,gemm_v0_gflops,gemm_v2_gflops,SP_MFLOP/s,DP_MFLOP/s,Energy_J,Power_W,Memory_bandwidth_MBytes/s,Memory_data_volume_GBytes,Memory_read_bandwidth_MBytes/s,Memory_write_bandwidth_MBytes/s,Runtime_RDTSC_s
ICX,FP32,100,ICX,Intel(R) Xeon(R) Platinum 8360Y CPU @ 2.40GHz,43690,1310720,56623104,112.501336,MKL (cblas_sgemm),51.685107,58.128382,,,,,,,,,
ICX,FP32,120,ICX,Intel(R) Xeon(R) Platinum 8360Y CPU @ 2.40GHz,43690,1310720,56623104,207.530175,MKL (cblas_sgemm),1.405702,96.525348,,,,,,,,,
ICX,FP32,144,ICX,Intel(R) Xeon(R) Platinum 8360Y CPU @ 2.40GHz,43690,1310720,56623104,353.565453,MKL (cblas_sgemm),97.432904,41.108315,,,,,,,,,
ICX,FP32,172,ICX,Intel(R) Xeon(R) Platinum 8360Y CPU @ 2.40GHz,43690,1310720,56623104,517.135341,MKL (cblas_sgemm),3.557622,177.620279,,,,,,,,,
ICX,FP32,207,ICX,Intel(R) Xeon(R) Platinum 8360Y CPU @ 2.40GHz,43690,1310720,56623104,937.872648,MKL (cblas_sgemm),6.258278,229.027114,,,,,,,,,
ICX,FP32,248,ICX,Intel(R) Xeon(R) Platinum 8360Y CPU @ 2.40GHz,43690,1310720,56623104,1351.444832,MKL (cblas_sgemm),10.315271,289.460798,,,,,,,,,
ICX,FP32,298,ICX,Intel(R) Xeon(R) Platinum 8360Y CPU @ 2.40GHz,43690,1310720,56623104,1953.003793,MKL (cblas_sgemm),18.063862,277.95229,,,,,,,,,
ICX,FP32,358,ICX,Intel(R) Xeon(R) Platinum 8360Y CPU @ 2.40GHz,43690,1310720,56623104,2707.083076,MKL (cblas_sgemm),30.87324,336.314193,,,,,,,,,
ICX,FP32,429,ICX,Intel(R) Xeon(R) Platinum 8360Y CPU @ 2.40GHz,43690,1310720,56623104,3393.457193,MKL (cblas_sgemm),46.580173,406.509114,,,,,,,,,
ICX,FP32,515,ICX,Intel(R) Xeon(R) Platinum 8360Y CPU @ 2.40GHz,43690,1310720,56623104,3755.424903,MKL (cblas_sgemm),65.376764,472.975188,,,,,,,,,
ICX,FP32,619,ICX,Intel(R) Xeon(R) Platinum 8360Y CPU @ 2.40GHz,43690,1310720,56623104,4147.226922,MKL (cblas_sgemm),76.116515,457.1068,,,,,,,,,
ICX,FP32,743,ICX,Intel(R) Xeon(R) Platinum 8360Y CPU @ 2.40GHz,43690,1310720,56623104,6128.198938,MKL (cblas_sgemm),89.570356,521.606133,,,,,,,,,
ICX,FP32,891,ICX,Intel(R) Xeon(R) Platinum 8360Y CPU @ 2.40GHz,43690,1310720,56623104,7126.677985,MKL (cblas_sgemm),100.000726,547.668473,,,,,,,,,
ICX,FP32,1069,ICX,Intel(R) Xeon(R) Platinum 8360Y CPU @ 2.40GHz,43690,1310720,56623104,5450.795613,MKL (cblas_sgemm),107.848771,600.526817,,,,,,,,,
ICX,FP32,1283,ICX,Intel(R) Xeon(R) Platinum 8360Y CPU @ 2.40GHz,43690,1310720,56623104,5118.011525,MKL (cblas_sgemm),110.339603,602.773529,,,,,,,,,
ICX,FP32,1540,ICX,Intel(R) Xeon(R) Platinum 8360Y CPU @ 2.40GHz,43690,1310720,56623104,6015.433446,MKL (cblas_sgemm),108.146879,664.865283,,,,,,,,,
ICX,FP32,1848,ICX,Intel(R) Xeon(R) Platinum 8360Y CPU @ 2.40GHz,43690,1310720,56623104,6803.608761,MKL (cblas_sgemm),105.35338,704.963233,,,,,,,,,
ICX,FP32,2218,ICX,Intel(R) Xeon(R) Platinum 8360Y CPU @ 2.40GHz,43690,1310720,56623104,6987.612891,MKL (cblas_sgemm),59.403775,745.353787,,,,,,,,,
ICX,FP32,2662,ICX,Intel(R) Xeon(R) Platinum 8360Y CPU @ 2.40GHz,43690,1310720,56623104,7227.554178,MKL (cblas_sgemm),37.14824,746.944598,,,,,,,,,
ICX,FP32,3194,ICX,Intel(R) Xeon(R) Platinum 8360Y CPU @ 2.40GHz,43690,1310720,56623104,7408.534155,MKL (cblas_sgemm),32.312185,801.718236,,,,,,,,,
ICX,FP32,3833,ICX,Intel(R) Xeon(R) Platinum 8360Y CPU @ 2.40GHz,43690,1310720,56623104,7250.894349,MKL (cblas_sgemm),29.371787,765.071099,,,,,,,,,
ICX,FP32,4600,ICX,Intel(R) Xeon(R) Platinum 8360Y CPU @ 2.40GHz,43690,1310720,56623104,7672.926272,MKL (cblas_sgemm),26.981646,875.947092,,,,,,,,,
ICX,FP32,5520,ICX,Intel(R) Xeon(R) Platinum 8360Y CPU @ 2.40GHz,43690,1310720,56623104,7252.184584,MKL (cblas_sgemm),24.326772,859.018227,,,,,,,,,
ICX,FP32,6624,ICX,Intel(R) Xeon(R) Platinum 8360Y CPU @ 2.40GHz,43690,1310720,56623104,8098.381124,MKL (cblas_sgemm),22.311743,933.349568,,,,,,,,,
ICX,FP32,7949,ICX,Intel(R) Xeon(R) Platinum 8360Y CPU @ 2.40GHz,43690,1310720,56623104,5776.329227,MKL (cblas_sgemm),22.423643,854.367982,,,,,,,,,
ICX,FP32,8000,ICX,Intel(R) Xeon(R) Platinum 8360Y CPU @ 2.40GHz,43690,1310720,56623104,,,,,152183.5734,0.1584,1888006.6515000002,481.6583,4207.8363,16493.8984,2987.4024,1220.4339,3919.8051
ICX,FP64,100,ICX,Intel(R) Xeon(R) Platinum 8360Y CPU @ 2.40GHz,43690,1310720,56623104,111.821592,MKL (cblas_dgemm),67.461134,87.058721,,,,,,,,,
ICX,FP64,120,ICX,Intel(R) Xeon(R) Platinum 8360Y CPU @ 2.40GHz,43690,1310720,56623104,203.413773,MKL (cblas_dgemm),1.595088,130.342791,,,,,,,,,
ICX,FP64,144,ICX,Intel(R) Xeon(R) Platinum 8360Y CPU @ 2.40GHz,43690,1310720,56623104,338.956222,MKL (cblas_dgemm),111.456961,44.898144,,,,,,,,,
ICX,FP64,172,ICX,Intel(R) Xeon(R) Platinum 8360Y CPU @ 2.40GHz,43690,1310720,56623104,508.816815,MKL (cblas_dgemm),3.636303,238.45766,,,,,,,,,
ICX,FP64,207,ICX,Intel(R) Xeon(R) Platinum 8360Y CPU @ 2.40GHz,43690,1310720,56623104,752.038533,MKL (cblas_dgemm),4.840423,328.507581,,,,,,,,,
ICX,FP64,248,ICX,Intel(R) Xeon(R) Platinum 8360Y CPU @ 2.40GHz,43690,1310720,56623104,1103.844145,MKL (cblas_dgemm),11.156686,425.235306,,,,,,,,,
ICX,FP64,298,ICX,Intel(R) Xeon(R) Platinum 8360Y CPU @ 2.40GHz,43690,1310720,56623104,1330.693583,MKL (cblas_dgemm),101.511367,295.473505,,,,,,,,,
ICX,FP64,358,ICX,Intel(R) Xeon(R) Platinum 8360Y CPU @ 2.40GHz,43690,1310720,56623104,1851.880339,MKL (cblas_dgemm),30.425431,326.894589,,,,,,,,,
ICX,FP64,429,ICX,Intel(R) Xeon(R) Platinum 8360Y CPU @ 2.40GHz,43690,1310720,56623104,2555.898825,MKL (cblas_dgemm),40.242532,355.875846,,,,,,,,,
ICX,FP64,515,ICX,Intel(R) Xeon(R) Platinum 8360Y CPU @ 2.40GHz,43690,1310720,56623104,2271.191164,MKL (cblas_dgemm),64.229194,372.154571,,,,,,,,,
ICX,FP64,619,ICX,Intel(R) Xeon(R) Platinum 8360Y CPU @ 2.40GHz,43690,1310720,56623104,2274.201089,MKL (cblas_dgemm),81.341244,346.068697,,,,,,,,,
ICX,FP64,743,ICX,Intel(R) Xeon(R) Platinum 8360Y CPU @ 2.40GHz,43690,1310720,56623104,2753.112105,MKL (cblas_dgemm),92.006703,397.695069,,,,,,,,,
ICX,FP64,891,ICX,Intel(R) Xeon(R) Platinum 8360Y CPU @ 2.40GHz,43690,1310720,56623104,1724.394281,MKL (cblas_dgemm),99.999853,376.248324,,,,,,,,,
ICX,FP64,1069,ICX,Intel(R) Xeon(R) Platinum 8360Y CPU @ 2.40GHz,43690,1310720,56623104,2227.180023,MKL (cblas_dgemm),106.899244,420.781934,,,,,,,,,
ICX,FP64,1283,ICX,Intel(R) Xeon(R) Platinum 8360Y CPU @ 2.40GHz,43690,1310720,56623104,2811.575445,MKL (cblas_dgemm),106.748037,403.672956,,,,,,,,,
ICX,FP64,1540,ICX,Intel(R) Xeon(R) Platinum 8360Y CPU @ 2.40GHz,43690,1310720,56623104,3196.037247,MKL (cblas_dgemm),98.652719,408.363362,,,,,,,,,
ICX,FP64,1848,ICX,Intel(R) Xeon(R) Platinum 8360Y CPU @ 2.40GHz,43690,1310720,56623104,3502.088675,MKL (cblas_dgemm),87.133514,405.411622,,,,,,,,,
ICX,FP64,2218,ICX,Intel(R) Xeon(R) Platinum 8360Y CPU @ 2.40GHz,43690,1310720,56623104,3460.990216,MKL (cblas_dgemm),53.22652,444.391244,,,,,,,,,
ICX,FP64,2662,ICX,Intel(R) Xeon(R) Platinum 8360Y CPU @ 2.40GHz,43690,1310720,56623104,3342.519713,MKL (cblas_dgemm),33.020714,449.31984,,,,,,,,,
ICX,FP64,3194,ICX,Intel(R) Xeon(R) Platinum 8360Y CPU @ 2.40GHz,43690,1310720,56623104,3536.90242,MKL (cblas_dgemm),26.697662,441.200616,,,,,,,,,
ICX,FP64,3833,ICX,Intel(R) Xeon(R) Platinum 8360Y CPU @ 2.40GHz,43690,1310720,56623104,2732.681123,MKL (cblas_dgemm),23.193794,432.477579,,,,,,,,,
ICX,FP64,4600,ICX,Intel(R) Xeon(R) Platinum 8360Y CPU @ 2.40GHz,43690,1310720,56623104,3061.732169,MKL (cblas_dgemm),21.607016,449.894996,,,,,,,,,
ICX,FP64,5520,ICX,Intel(R) Xeon(R) Platinum 8360Y CPU @ 2.40GHz,43690,1310720,56623104,3280.067195,MKL (cblas_dgemm),19.84271,435.503947,,,,,,,,,
ICX,FP64,6624,ICX,Intel(R) Xeon(R) Platinum 8360Y CPU @ 2.40GHz,43690,1310720,56623104,2918.222927,MKL (cblas_dgemm),15.939353,454.098217,,,,,,,,,
ICX,FP64,7949,ICX,Intel(R) Xeon(R) Platinum 8360Y CPU @ 2.40GHz,43690,1310720,56623104,3378.330022,MKL (cblas_dgemm),19.478714,460.814236,,,,,,,,,
ICX,FP64,8000,ICX,Intel(R) Xeon(R) Platinum 8360Y CPU @ 2.40GHz,43690,1310720,56623104,,,,,1.0588490050000001e-07,107817.2666,2709953.0,490.50120000000004,16234.6041,89694.0257,12844.4565,3390.1475,5524.8668
