proc,dtype,level,M,N,K,time_s,repeats,perf,footprint_bytes,cube,unit,source
SPR,FP32,V0 naive-omp ijk,2048,2048,2048,15.384074,30,33.501924,50331648,2048,GFlop/s,cpu
SPR,FP32,V1 ikj row locality,2048,2048,2048,0.848405,30,607.488121,50331648,2048,GFlop/s,cpu
SPR,FP32,V2 blocked micro-kernel,2048,2048,2048,0.532718,30,967.483377,50331648,2048,GFlop/s,cpu
SPR,FP32,V3 + NUMA first-touch,2048,2048,2048,0.540746,30,953.12104,50331648,2048,GFlop/s,cpu
SPR,FP32,V4 + B replication,2048,2048,2048,0.501607,30,1027.489328,50331648,2048,GFlop/s,cpu
SPR,FP32,V5 + 2D tile grid,2048,2048,2048,0.506682,30,1017.197759,50331648,2048,GFlop/s,cpu
SPR,FP32,MKL (cblas_sgemm),2048,2048,2048,0.050726,30,10160.300072,50331648,2048,GFlop/s,cpu
SPR,FP32,OpenBLAS (cblas_sgemm),2048,2048,2048,0.235573,30,2187.841576,50331648,2048,GFlop/s,cpu
SPR,FP32,V0 naive-omp ijk,2457,2457,2457,11.725073,30,75.90164,72442188,2457,GFlop/s,cpu
SPR,FP32,V1 ikj row locality,2457,2457,2457,1.615929,30,550.737143,72442188,2457,GFlop/s,cpu
SPR,FP32,V2 blocked micro-kernel,2457,2457,2457,0.903733,30,984.751381,72442188,2457,GFlop/s,cpu
SPR,FP32,V3 + NUMA first-touch,2457,2457,2457,0.870896,30,1021.881191,72442188,2457,GFlop/s,cpu
SPR,FP32,V4 + B replication,2457,2457,2457,0.888111,30,1002.072861,72442188,2457,GFlop/s,cpu
SPR,FP32,V5 + 2D tile grid,2457,2457,2457,0.871178,30,1021.550765,72442188,2457,GFlop/s,cpu
SPR,FP32,MKL (cblas_sgemm),2457,2457,2457,0.087975,30,10115.984729,72442188,2457,GFlop/s,cpu
SPR,FP32,OpenBLAS (cblas_sgemm),2457,2457,2457,0.359988,30,2472.169668,72442188,2457,GFlop/s,cpu
SPR,FP32,V0 naive-omp ijk,2949,2949,2949,28.186075,30,54.593504,104359212,2949,GFlop/s,cpu
SPR,FP32,V1 ikj row locality,2949,2949,2949,2.777731,30,553.96896,104359212,2949,GFlop/s,cpu
SPR,FP32,V2 blocked micro-kernel,2949,2949,2949,1.526059,30,1008.333647,104359212,2949,GFlop/s,cpu
SPR,FP32,V3 + NUMA first-touch,2949,2949,2949,1.510481,30,1018.732992,104359212,2949,GFlop/s,cpu
SPR,FP32,V4 + B replication,2949,2949,2949,1.48027,30,1039.523934,104359212,2949,GFlop/s,cpu
SPR,FP32,V5 + 2D tile grid,2949,2949,2949,1.448003,30,1062.68879,104359212,2949,GFlop/s,cpu
SPR,FP32,MKL (cblas_sgemm),2949,2949,2949,0.153108,30,10050.286099,104359212,2949,GFlop/s,cpu
SPR,FP32,OpenBLAS (cblas_sgemm),2949,2949,2949,0.487621,30,3155.68258,104359212,2949,GFlop/s,cpu
SPR,FP32,V0 naive-omp ijk,3538,3538,3538,53.484655,30,49.681596,150209328,3538,GFlop/s,cpu
SPR,FP32,V1 ikj row locality,3538,3538,3538,4.594616,30,578.329713,150209328,3538,GFlop/s,cpu
SPR,FP32,V2 blocked micro-kernel,3538,3538,3538,2.410405,30,1102.388755,150209328,3538,GFlop/s,cpu
SPR,FP32,V3 + NUMA first-touch,3538,3538,3538,2.399161,30,1107.555226,150209328,3538,GFlop/s,cpu
SPR,FP32,V4 + B replication,3538,3538,3538,2.339737,30,1135.684352,150209328,3538,GFlop/s,cpu
SPR,FP32,V5 + 2D tile grid,3538,3538,3538,2.236477,30,1188.119817,150209328,3538,GFlop/s,cpu
SPR,FP32,MKL (cblas_sgemm),3538,3538,3538,0.229526,30,11576.904546,150209328,3538,GFlop/s,cpu
SPR,FP32,OpenBLAS (cblas_sgemm),3538,3538,3538,0.708169,30,3752.215572,150209328,3538,GFlop/s,cpu
SPR,FP32,V0 naive-omp ijk,4246,4246,4246,97.04441,30,47.328277,216342192,4246,GFlop/s,cpu
SPR,FP32,V1 ikj row locality,4246,4246,4246,10.12037,30,453.831709,216342192,4246,GFlop/s,cpu
SPR,FP32,V2 blocked micro-kernel,4246,4246,4246,4.025744,30,1140.893491,216342192,4246,GFlop/s,cpu
SPR,FP32,V3 + NUMA first-touch,4246,4246,4246,3.998499,30,1148.66717,216342192,4246,GFlop/s,cpu
SPR,FP32,V4 + B replication,4246,4246,4246,3.901152,30,1177.330453,216342192,4246,GFlop/s,cpu
SPR,FP32,V5 + 2D tile grid,4246,4246,4246,3.988261,30,1151.615776,216342192,4246,GFlop/s,cpu
SPR,FP32,MKL (cblas_sgemm),4246,4246,4246,0.449996,30,10206.626759,216342192,4246,GFlop/s,cpu
SPR,FP32,OpenBLAS (cblas_sgemm),4246,4246,4246,1.01555,30,4522.616414,216342192,4246,GFlop/s,cpu
SPR,FP32,V0 naive-omp ijk,5096,5096,5096,182.983301,30,43.393837,311630592,5096,GFlop/s,cpu
SPR,FP32,V1 ikj row locality,5096,5096,5096,17.294503,30,459.125515,311630592,5096,GFlop/s,cpu
SPR,FP32,V2 blocked micro-kernel,5096,5096,5096,6.586208,30,1205.602326,311630592,5096,GFlop/s,cpu
SPR,FP32,V3 + NUMA first-touch,5096,5096,5096,6.59257,30,1204.438847,311630592,5096,GFlop/s,cpu
SPR,FP32,V4 + B replication,5096,5096,5096,6.473791,30,1226.537582,311630592,5096,GFlop/s,cpu
SPR,FP32,V5 + 2D tile grid,5096,5096,5096,6.186544,30,1283.486729,311630592,5096,GFlop/s,cpu
SPR,FP32,MKL (cblas_sgemm),5096,5096,5096,0.769646,30,10316.882395,311630592,5096,GFlop/s,cpu
SPR,FP32,OpenBLAS (cblas_sgemm),5096,5096,5096,1.530713,30,5187.353562,311630592,5096,GFlop/s,cpu
SPR,FP32,V0 naive-omp ijk,6115,6115,6115,318.16653,30,43.120734,448718700,6115,GFlop/s,cpu
SPR,FP32,V1 ikj row locality,6115,6115,6115,46.468846,30,295.242416,448718700,6115,GFlop/s,cpu
SPR,FP32,V2 blocked micro-kernel,6115,6115,6115,11.270762,30,1217.271242,448718700,6115,GFlop/s,cpu
SPR,FP32,V3 + NUMA first-touch,6115,6115,6115,11.263127,30,1218.096382,448718700,6115,GFlop/s,cpu
SPR,FP32,V4 + B replication,6115,6115,6115,11.029025,30,1243.951631,448718700,6115,GFlop/s,cpu
SPR,FP32,V5 + 2D tile grid,6115,6115,6115,10.877337,30,1261.29894,448718700,6115,GFlop/s,cpu
SPR,FP32,MKL (cblas_sgemm),6115,6115,6115,1.268655,30,10814.267149,448718700,6115,GFlop/s,cpu
SPR,FP32,OpenBLAS (cblas_sgemm),6115,6115,6115,2.643064,30,5190.783968,448718700,6115,GFlop/s,cpu
SPR,FP32,V0 naive-omp ijk,7338,7338,7338,560.474972,30,42.29881,646154928,7338,GFlop/s,cpu
SPR,FP32,V1 ikj row locality,7338,7338,7338,90.717539,30,261.332314,646154928,7338,GFlop/s,cpu
SPR,FP32,V2 blocked micro-kernel,7338,7338,7338,18.186126,30,1303.599492,646154928,7338,GFlop/s,cpu
SPR,FP32,V3 + NUMA first-touch,7338,7338,7338,18.160379,30,1305.447685,646154928,7338,GFlop/s,cpu
SPR,FP32,V4 + B replication,7338,7338,7338,17.96658,30,1319.529047,646154928,7338,GFlop/s,cpu
SPR,FP32,V5 + 2D tile grid,7338,7338,7338,19.039716,30,1245.156408,646154928,7338,GFlop/s,cpu
SPR,FP32,MKL (cblas_sgemm),7338,7338,7338,2.105993,30,11257.122545,646154928,7338,GFlop/s,cpu
SPR,FP32,OpenBLAS (cblas_sgemm),7338,7338,7338,4.201223,30,5642.981885,646154928,7338,GFlop/s,cpu
SPR,FP64,V0 naive-omp ijk,2048,2048,2048,16.159737,30,31.893841,100663296,2048,GFlop/s,cpu
SPR,FP64,V1 ikj row locality,2048,2048,2048,1.78556,30,288.646745,100663296,2048,GFlop/s,cpu
SPR,FP64,V2 blocked micro-kernel,2048,2048,2048,0.895006,30,575.857667,100663296,2048,GFlop/s,cpu
SPR,FP64,V3 + NUMA first-touch,2048,2048,2048,0.863638,30,596.772979,100663296,2048,GFlop/s,cpu
SPR,FP64,V4 + B replication,2048,2048,2048,0.944817,30,545.498312,100663296,2048,GFlop/s,cpu
SPR,FP64,V5 + 2D tile grid,2048,2048,2048,0.844711,30,610.144867,100663296,2048,GFlop/s,cpu
SPR,FP64,MKL (cblas_dgemm),2048,2048,2048,0.104006,30,4955.435265,100663296,2048,GFlop/s,cpu
SPR,FP64,OpenBLAS (cblas_dgemm),2048,2048,2048,0.36291,30,1420.176678,100663296,2048,GFlop/s,cpu
SPR,FP64,V0 naive-omp ijk,2457,2457,2457,13.707933,30,64.922427,144884376,2457,GFlop/s,cpu
SPR,FP64,V1 ikj row locality,2457,2457,2457,2.937692,30,302.942648,144884376,2457,GFlop/s,cpu
SPR,FP64,V2 blocked micro-kernel,2457,2457,2457,1.435427,30,619.99143,144884376,2457,GFlop/s,cpu
SPR,FP64,V3 + NUMA first-touch,2457,2457,2457,1.437056,30,619.288666,144884376,2457,GFlop/s,cpu
SPR,FP64,V4 + B replication,2457,2457,2457,1.510167,30,589.307062,144884376,2457,GFlop/s,cpu
SPR,FP64,V5 + 2D tile grid,2457,2457,2457,1.36203,30,653.401363,144884376,2457,GFlop/s,cpu
SPR,FP64,MKL (cblas_dgemm),2457,2457,2457,0.1718,30,5180.165542,144884376,2457,GFlop/s,cpu
SPR,FP64,OpenBLAS (cblas_dgemm),2457,2457,2457,0.470104,30,1893.096582,144884376,2457,GFlop/s,cpu
SPR,FP64,V0 naive-omp ijk,2949,2949,2949,31.476052,30,48.887217,208718424,2949,GFlop/s,cpu
SPR,FP64,V1 ikj row locality,2949,2949,2949,5.279702,30,291.451407,208718424,2949,GFlop/s,cpu
SPR,FP64,V2 blocked micro-kernel,2949,2949,2949,2.538388,30,606.202224,208718424,2949,GFlop/s,cpu
SPR,FP64,V3 + NUMA first-touch,2949,2949,2949,2.530624,30,608.062118,208718424,2949,GFlop/s,cpu
SPR,FP64,V4 + B replication,2949,2949,2949,2.507122,30,613.762166,208718424,2949,GFlop/s,cpu
SPR,FP64,V5 + 2D tile grid,2949,2949,2949,2.261824,30,680.325572,208718424,2949,GFlop/s,cpu
SPR,FP64,MKL (cblas_dgemm),2949,2949,2949,0.339545,30,4531.879167,208718424,2949,GFlop/s,cpu
SPR,FP64,OpenBLAS (cblas_dgemm),2949,2949,2949,0.781166,30,1969.84626,208718424,2949,GFlop/s,cpu
SPR,FP64,V0 naive-omp ijk,3538,3538,3538,60.028737,30,44.265516,300418656,3538,GFlop/s,cpu
SPR,FP64,V1 ikj row locality,3538,3538,3538,12.958022,30,205.062394,300418656,3538,GFlop/s,cpu
SPR,FP64,V2 blocked micro-kernel,3538,3538,3538,4.278068,30,621.122246,300418656,3538,GFlop/s,cpu
SPR,FP64,V3 + NUMA first-touch,3538,3538,3538,4.287428,30,619.766184,300418656,3538,GFlop/s,cpu
SPR,FP64,V4 + B replication,3538,3538,3538,4.304724,30,617.276,300418656,3538,GFlop/s,cpu
SPR,FP64,V5 + 2D tile grid,3538,3538,3538,3.897391,30,681.790235,300418656,3538,GFlop/s,cpu
SPR,FP64,MKL (cblas_dgemm),3538,3538,3538,0.606396,30,4381.962436,300418656,3538,GFlop/s,cpu
SPR,FP64,OpenBLAS (cblas_dgemm),3538,3538,3538,1.174981,30,2261.486844,300418656,3538,GFlop/s,cpu
SPR,FP64,V0 naive-omp ijk,4246,4246,4246,114.353616,30,40.164403,432684384,4246,GFlop/s,cpu
SPR,FP64,V1 ikj row locality,4246,4246,4246,26.706007,30,171.981709,432684384,4246,GFlop/s,cpu
SPR,FP64,V2 blocked micro-kernel,4246,4246,4246,6.846547,30,670.841071,432684384,4246,GFlop/s,cpu
SPR,FP64,V3 + NUMA first-touch,4246,4246,4246,6.884339,30,667.158411,432684384,4246,GFlop/s,cpu
SPR,FP64,V4 + B replication,4246,4246,4246,6.744798,30,680.961019,432684384,4246,GFlop/s,cpu
SPR,FP64,V5 + 2D tile grid,4246,4246,4246,6.795055,30,675.924635,432684384,4246,GFlop/s,cpu
SPR,FP64,MKL (cblas_dgemm),4246,4246,4246,0.982851,30,4673.084452,432684384,4246,GFlop/s,cpu
SPR,FP64,OpenBLAS (cblas_dgemm),4246,4246,4246,2.373449,30,1935.135099,432684384,4246,GFlop/s,cpu
SPR,FP64,V0 naive-omp ijk,5096,5096,5096,242.508237,30,32.742589,623261184,5096,GFlop/s,cpu
SPR,FP64,V1 ikj row locality,5096,5096,5096,57.485206,30,138.128539,623261184,5096,GFlop/s,cpu
SPR,FP64,V2 blocked micro-kernel,5096,5096,5096,13.241898,30,599.638173,623261184,5096,GFlop/s,cpu
SPR,FP64,V3 + NUMA first-touch,5096,5096,5096,13.332134,30,595.579615,623261184,5096,GFlop/s,cpu
SPR,FP64,V4 + B replication,5096,5096,5096,13.248096,30,599.357657,623261184,5096,GFlop/s,cpu
SPR,FP64,V5 + 2D tile grid,5096,5096,5096,11.998278,30,661.790593,623261184,5096,GFlop/s,cpu
SPR,FP64,MKL (cblas_dgemm),5096,5096,5096,2.980432,30,2664.160142,623261184,5096,GFlop/s,cpu
SPR,FP64,OpenBLAS (cblas_dgemm),5096,5096,5096,4.457285,30,1781.431493,623261184,5096,GFlop/s,cpu
SPR,FP64,V0 naive-omp ijk,6115,6115,6115,335.240434,30,40.924581,897437400,6115,GFlop/s,cpu
SPR,FP64,V1 ikj row locality,6115,6115,6115,109.956435,30,124.772818,897437400,6115,GFlop/s,cpu
SPR,FP64,V2 blocked micro-kernel,6115,6115,6115,21.993222,30,623.809191,897437400,6115,GFlop/s,cpu
SPR,FP64,V3 + NUMA first-touch,6115,6115,6115,22.180498,30,618.542209,897437400,6115,GFlop/s,cpu
SPR,FP64,V4 + B replication,6115,6115,6115,21.526225,30,637.342329,897437400,6115,GFlop/s,cpu
SPR,FP64,V5 + 2D tile grid,6115,6115,6115,20.912419,30,656.049121,897437400,6115,GFlop/s,cpu
SPR,FP64,MKL (cblas_dgemm),6115,6115,6115,2.726226,30,5032.441265,897437400,6115,GFlop/s,cpu
SPR,FP64,OpenBLAS (cblas_dgemm),6115,6115,6115,5.035827,30,2724.393286,897437400,6115,GFlop/s,cpu
SPR,FP64,V0 naive-omp ijk,7338,7338,7338,594.503817,30,39.877665,1292309856,7338,GFlop/s,cpu
SPR,FP64,V1 ikj row locality,7338,7338,7338,202.799351,30,116.900889,1292309856,7338,GFlop/s,cpu
SPR,FP64,V2 blocked micro-kernel,7338,7338,7338,37.641199,30,629.82649,1292309856,7338,GFlop/s,cpu
SPR,FP64,V3 + NUMA first-touch,7338,7338,7338,38.425903,30,616.964666,1292309856,7338,GFlop/s,cpu
SPR,FP64,V4 + B replication,7338,7338,7338,37.674711,30,629.266256,1292309856,7338,GFlop/s,cpu
SPR,FP64,V5 + 2D tile grid,7338,7338,7338,36.754011,30,645.029589,1292309856,7338,GFlop/s,cpu
SPR,FP64,MKL (cblas_dgemm),7338,7338,7338,8.160105,30,2905.284352,1292309856,7338,GFlop/s,cpu
SPR,FP64,OpenBLAS (cblas_dgemm),7338,7338,7338,14.513999,30,1633.417761,1292309856,7338,GFlop/s,cpu
