proc,dtype,size,arch,cpu_name,l1d_bytes,l2_bytes,l3_bytes,Energy_J,Power_W,Memory_bandwidth_MBytes/s,Memory_data_volume_GBytes,Memory_read_bandwidth_MBytes/s,Memory_write_bandwidth_MBytes/s,Runtime_RDTSC_s,gemm_best_gflops,gemm_best_level,gemm_v0_gflops,gemm_v2_gflops,SP_MFLOP/s,DP_MFLOP/s
SPR,BF16,8000,SPR,Intel(R) Xeon(R) Platinum 8470,40329,2097152,110100480,19.6147,372387.1071,287694.4164,0.015199999999999998,147353.217,140341.19939999998,0.0001,,,,,,
SPR,FP32,2048,SPR,Intel(R) Xeon(R) Platinum 8470,40329,2097152,110100480,,,,,,,,10160.300072,MKL (cblas_sgemm),33.501924,967.483377,,
SPR,FP32,2457,SPR,Intel(R) Xeon(R) Platinum 8470,40329,2097152,110100480,,,,,,,,10115.984729,MKL (cblas_sgemm),75.90164,984.751381,,
SPR,FP32,2949,SPR,Intel(R) Xeon(R) Platinum 8470,40329,2097152,110100480,,,,,,,,10050.286099,MKL (cblas_sgemm),54.593504,1008.333647,,
SPR,FP32,3538,SPR,Intel(R) Xeon(R) Platinum 8470,40329,2097152,110100480,,,,,,,,11576.904546,MKL (cblas_sgemm),49.681596,1102.388755,,
SPR,FP32,4246,SPR,Intel(R) Xeon(R) Platinum 8470,40329,2097152,110100480,,,,,,,,10206.626759,MKL (cblas_sgemm),47.328277,1140.893491,,
SPR,FP32,5096,SPR,Intel(R) Xeon(R) Platinum 8470,40329,2097152,110100480,,,,,,,,10316.882395,MKL (cblas_sgemm),43.393837,1205.602326,,
SPR,FP32,6115,SPR,Intel(R) Xeon(R) Platinum 8470,40329,2097152,110100480,,,,,,,,10814.267149,MKL (cblas_sgemm),43.120734,1217.271242,,
SPR,FP32,7338,SPR,Intel(R) Xeon(R) Platinum 8470,40329,2097152,110100480,,,,,,,,11257.122545,MKL (cblas_sgemm),42.29881,1303.599492,,
SPR,FP32,8000,SPR,Intel(R) Xeon(R) Platinum 8470,40329,2097152,110100480,1176881.2977,694.4816000000001,38050.2209,64480.6097,30603.817900000002,7446.403,1694.6185,,,,,276026.4305,0.294
SPR,FP64,2048,SPR,Intel(R) Xeon(R) Platinum 8470,40329,2097152,110100480,,,,,,,,4955.435265,MKL (cblas_dgemm),31.893841,575.857667,,
SPR,FP64,2457,SPR,Intel(R) Xeon(R) Platinum 8470,40329,2097152,110100480,,,,,,,,5180.165542,MKL (cblas_dgemm),64.922427,619.99143,,
SPR,FP64,2949,SPR,Intel(R) Xeon(R) Platinum 8470,40329,2097152,110100480,,,,,,,,4531.879167,MKL (cblas_dgemm),48.887217,606.202224,,
SPR,FP64,3538,SPR,Intel(R) Xeon(R) Platinum 8470,40329,2097152,110100480,,,,,,,,4381.962436,MKL (cblas_dgemm),44.265516,621.122246,,
SPR,FP64,4246,SPR,Intel(R) Xeon(R) Platinum 8470,40329,2097152,110100480,,,,,,,,4673.084452,MKL (cblas_dgemm),40.164403,670.841071,,
SPR,FP64,5096,SPR,Intel(R) Xeon(R) Platinum 8470,40329,2097152,110100480,,,,,,,,2664.160142,MKL (cblas_dgemm),32.742589,599.638173,,
SPR,FP64,6115,SPR,Intel(R) Xeon(R) Platinum 8470,40329,2097152,110100480,,,,,,,,5032.441265,MKL (cblas_dgemm),40.924581,623.809191,,
SPR,FP64,7338,SPR,Intel(R) Xeon(R) Platinum 8470,40329,2097152,110100480,,,,,,,,2905.284352,MKL (cblas_dgemm),39.877665,629.82649,,
SPR,FP64,8000,SPR,Intel(R) Xeon(R) Platinum 8470,40329,2097152,110100480,1604812.1419000002,696.9096,44491.7353,102453.5808,35152.8949,9338.8404,2302.7553,,,,,1.91075414e-08,202313.7091
